"term","estimate","std.error","statistic","p.value","conf.low","conf.high"
"Crow_Signal_fCrows Present",6.77988817691001,0.672972130826701,2.84404141131967,0.00445452579779173,1.81295746378956,25.3546399237196
"scaled_Disturbance",1.3590600634991,0.277183278675667,1.10682481458985,0.268369677388357,0.789404897026479,2.3397932583844
"scaled_Feed",0.976514373898748,0.295575751595656,-0.0804051375359907,0.935915040973816,0.547121906936521,1.74290283452587
